{
    "__comment": "JimStoneCraft - 2014",
    "variants": {
        "half=bottom": [
            { "model": "half_slab_birch", "weight": 30 },
            { "model": "half_slab_birch1", "weight": 10 },
            { "model": "half_slab_birch2", "weight": 10 },
            { "model": "half_slab_birch3", "weight": 10 },
            { "model": "half_slab_birch4", "weight": 10 }
        ],
        "half=top": [
            { "model": "upper_slab_birch", "weight": 30 },
            { "model": "upper_slab_birch1", "weight": 10 },
            { "model": "upper_slab_birch2", "weight": 10 },
            { "model": "upper_slab_birch3", "weight": 10 },
            { "model": "upper_slab_birch4", "weight": 10 }
        ]
    }
}
