{
    "__comment": "JimStoneCraft - 2014",
    "variants": {
        "normal": [
            { "model": "red_sandstone_chiseled", "weight": 30 },
            { "model": "red_sandstone_chiseled1", "weight": 15 },
            { "model": "red_sandstone_chiseled2", "weight": 15 },
            { "model": "red_sandstone_chiseled3", "weight": 15 },
            { "model": "red_sandstone_chiseled4", "weight": 15 },
            { "model": "red_sandstone_chiseled5", "weight": 10 }
        ]
    }
}
