{
    "__comment": "JimStoneCraft - 2014",
    "variants": {
        "normal": [
            { "model": "cobblestone", "weight": 24 },
            { "model": "cobblestone1", "weight": 18 },
            { "model": "cobblestone2", "weight": 18 },
            { "model": "cobblestone3", "weight": 15 },
            { "model": "cobblestone4", "weight": 15 },
            { "model": "cobblestone5", "weight": 4 },
            { "model": "cobblestone6", "weight": 3 },
            { "model": "cobblestone7", "weight": 3 }
        ],
        "all": [
            { "model": "cobblestone", "weight": 24 },
            { "model": "cobblestone1", "weight": 18 },
            { "model": "cobblestone2", "weight": 18 },
            { "model": "cobblestone3", "weight": 15 },
            { "model": "cobblestone4", "weight": 15 },
            { "model": "cobblestone5", "weight": 4 },
            { "model": "cobblestone6", "weight": 3 },
            { "model": "cobblestone7", "weight": 3 }
        ]
    }
}
