{
    "__comment": "JimStoneCraft - 2014",
    "variants": {
        "half=bottom": [
            { "model": "half_slab_cobblestone", "weight": 24 },
            { "model": "half_slab_cobblestone1", "weight": 18 },
            { "model": "half_slab_cobblestone2", "weight": 18 },
            { "model": "half_slab_cobblestone3", "weight": 15 },
            { "model": "half_slab_cobblestone4", "weight": 15 },
            { "model": "half_slab_cobblestone5", "weight": 4 },
            { "model": "half_slab_cobblestone6", "weight": 3 },
            { "model": "half_slab_cobblestone7", "weight": 3 }
        ],
        "half=top": [
            { "model": "upper_slab_cobblestone", "weight": 24 },
            { "model": "upper_slab_cobblestone1", "weight": 18 },
            { "model": "upper_slab_cobblestone2", "weight": 18 },
            { "model": "upper_slab_cobblestone3", "weight": 15 },
            { "model": "upper_slab_cobblestone4", "weight": 15 },
            { "model": "upper_slab_cobblestone5", "weight": 4 },
            { "model": "upper_slab_cobblestone6", "weight": 3 },
            { "model": "upper_slab_cobblestone7", "weight": 3 }
        ]
    }
}
