{
    "__comment": "JimStoneCraft - 2014",
    "variants": {
        "normal": [
            { "model": "end_stone", "weight": 24 },
            { "model": "end_stone1", "weight": 18 },
            { "model": "end_stone2", "weight": 18 },
            { "model": "end_stone3", "weight": 15 },
            { "model": "end_stone4", "weight": 15 },
            { "model": "end_stone5", "weight": 4 },
            { "model": "end_stone6", "weight": 3 },
            { "model": "end_stone7", "weight": 3 }
        ]
    }
}
