{
    "__comment": "JimStoneCraft - 2015",
    "variants": {
        "normal": [
            { "model": "end_bricks", "weight": 40 },
            { "model": "end_bricks1", "weight": 5 },
            { "model": "end_bricks2", "weight": 5 },
            { "model": "end_bricks3", "weight": 10 },
            { "model": "end_bricks4", "weight": 10 },
            { "model": "end_bricks5", "weight": 5 },
            { "model": "end_bricks6", "weight": 10 },
            { "model": "end_bricks7", "weight": 5 },
            { "model": "end_bricks8", "weight": 10 }
        ]
    }
}
