{
    "__comment": "JimStoneCraft - 2014",
    "variants": {
        "normal": [
            { "model": "stonebrick_mossy" },
            { "model": "stonebrick_mossy1" },
            { "model": "stonebrick_mossy2" },
            { "model": "stonebrick_mossy3" },
            { "model": "stonebrick_mossy4" },
            { "model": "stonebrick_mossy5" },
            { "model": "stonebrick_mossy6" },
            { "model": "stonebrick_mossy7" },
            { "model": "stonebrick_mossy8" },
            { "model": "stonebrick_mossy9" },
            { "model": "stonebrick_mossy10" },
            { "model": "stonebrick_mossy11" },
            { "model": "stonebrick_mossy12" }
        ]
    }
}
