{"ambientocclusion": false,
    "textures": {
        "particle": "#texture"
    },
    "elements": [ 
{
    "from": [ 6.5, 0.2, 6.5 ],
    "to": [ 9.5, 1.2, 9.5 ],
    "faces": {
        "down":  { "uv": [ 5.5, 13.5, 8.5, 10.5 ], "texture": "#texture"},
        "up":    { "uv": [ 5.5, 10.5, 8.5, 13.5 ], "texture": "#texture" },
        "north": { "uv": [ 5.5, 13, 8.5, 14 ], "texture": "#texture" },
        "south": { "uv": [ 5.5, 13, 8.5, 14 ], "texture": "#texture" },
        "west":  { "uv": [ 5.5, 13, 8.5, 14 ], "texture": "#texture" },
        "east":  { "uv": [ 5.5, 13, 8.5, 14 ], "texture": "#texture" }
    }
},
{
    "from": [ 5.5, 0, 5.5 ],
    "to": [ 10.5, 1, 10.5 ],
    "faces": {
        "down":  { "uv": [ 4.5, 8.5, 9.5, 3.5 ], "texture": "#texture"},
        "up":    { "uv": [ 4.5, 3.5, 9.5, 8.5 ], "texture": "#texture" },
        "north": { "uv": [ 4.5, 8, 9.5, 9 ], "texture": "#texture" },
        "south": { "uv": [ 4.5, 8, 9.5, 9 ], "texture": "#texture" },
        "west":  { "uv": [ 4.5, 8, 9.5, 9 ], "texture": "#texture" },
        "east":  { "uv": [ 4.5, 8, 9.5, 9 ], "texture": "#texture" }
    }
}
]
}