{
"__comment": "Designed by Filmjolk",
"textures": {
    "particle": "blocks/crafting_table_front",
    "crafting_table_front": "blocks/crafting_table_front",
    "crafting_table_top": "blocks/crafting_table_top",
    "crafting_table_side": "blocks/crafting_table_side",
    "planks_spruce": "blocks/planks_spruce"
},
"elements": [ 
{
    "from": [ 0.5, 0, 0.5 ],
    "to": [ 15.5, 15.5, 15.5 ],
    "faces": {
        "down":  { "uv": [ 0.5, 15.5, 15.5, 0.5 ], "texture": "#planks_spruce", "cullface": "down" },
        "up":    { "uv": [ 0.5, 0.5, 15.5, 15.5 ], "texture": "#crafting_table_top", "cullface": "up" },
        "north": { "uv": [ 0.5, 0.5, 15.5, 16 ], "texture": "#crafting_table_front", "cullface": "north" },
        "south": { "uv": [ 0.5, 0.5, 15.5, 16 ], "texture": "#crafting_table_front", "cullface": "south" },
        "west":  { "uv": [ 0.5, 0.5, 15.5, 16 ], "texture": "#crafting_table_side", "cullface": "west" },
        "east":  { "uv": [ 0.5, 0.5, 15.5, 16 ], "texture": "#crafting_table_side", "cullface": "east" }
    }
},
{
    "from": [ 4, 15.5, 4 ],
    "to": [ 6.5, 16, 6.5 ],
    "faces": {
        "up":    { "uv": [ 4, 4, 6.5, 6.5 ], "texture": "#crafting_table_top", "cullface": "up" },
        "north": { "uv": [ 9.5, 0, 12, 0.5 ], "texture": "#crafting_table_front", "cullface": "up" },
        "south": { "uv": [ 4, 0, 6.5, 0.5 ], "texture": "#crafting_table_front", "cullface": "up" },
        "west":  { "uv": [ 4, 0, 6.5, 0.5 ], "texture": "#crafting_table_side", "cullface": "up" },
        "east":  { "uv": [ 9.5, 0, 12, 0.5 ], "texture": "#crafting_table_side", "cullface": "up" }
    }
},
{
    "from": [ 7, 15.5, 7 ],
    "to": [ 9.5, 16, 9.5 ],
    "faces": {
        "up":    { "uv": [ 7, 7, 9.5, 9.5 ], "texture": "#crafting_table_top", "cullface": "up" },
        "north": { "uv": [ 6.5, 0, 9, 0.5 ], "texture": "#crafting_table_front", "cullface": "up" },
        "south": { "uv": [ 7, 0, 9.5, 0.5 ], "texture": "#crafting_table_front", "cullface": "up" },
        "west":  { "uv": [ 7, 0, 9.5, 0.5 ], "texture": "#crafting_table_side", "cullface": "up" },
        "east":  { "uv": [ 6.5, 0, 9, 0.5 ], "texture": "#crafting_table_side", "cullface": "up" }
    }
},
{
    "from": [ 7, 15.5, 10 ],
    "to": [ 9.5, 16, 12.5 ],
    "faces": {
        "up":    { "uv": [ 7, 10, 9.5, 12.5 ], "texture": "#crafting_table_top", "cullface": "up" },
        "north": { "uv": [ 6.5, 0, 9, 0.5 ], "texture": "#crafting_table_front", "cullface": "up" },
        "south": { "uv": [ 7, 0, 9.5, 0.5 ], "texture": "#crafting_table_front", "cullface": "up" },
        "west":  { "uv": [ 10, 0, 12.5, 0.5 ], "texture": "#crafting_table_side", "cullface": "up" },
        "east":  { "uv": [ 3.5, 0, 6, 0.5 ], "texture": "#crafting_table_side", "cullface": "up" }
    }
},
{
    "from": [ 7, 15.5, 4 ],
    "to": [ 9.5, 16, 6.5 ],
    "faces": {
        "up":    { "uv": [ 7, 4, 9.5, 6.5 ], "texture": "#crafting_table_top", "cullface": "up" },
        "north": { "uv": [ 6.5, 0, 9, 0.5 ], "texture": "#crafting_table_front", "cullface": "up" },
        "south": { "uv": [ 7, 0, 9.5, 0.5 ], "texture": "#crafting_table_front", "cullface": "up" },
        "west":  { "uv": [ 4, 0, 6.5, 0.5 ], "texture": "#crafting_table_side", "cullface": "up" },
        "east":  { "uv": [ 9.5, 0, 12, 0.5 ], "texture": "#crafting_table_side", "cullface": "up" }
    }
},
{
    "from": [ 10, 15.5, 4 ],
    "to": [ 12.5, 16, 6.5 ],
    "faces": {
        "up":    { "uv": [ 10, 4, 12.5, 6.5 ], "texture": "#crafting_table_top", "cullface": "up" },
        "north": { "uv": [ 3.5, 0, 6, 0.5 ], "texture": "#crafting_table_front", "cullface": "up" },
        "south": { "uv": [ 10, 0, 12.5, 0.5 ], "texture": "#crafting_table_front", "cullface": "up" },
        "west":  { "uv": [ 4, 0, 6.5, 0.5 ], "texture": "#crafting_table_side", "cullface": "up" },
        "east":  { "uv": [ 9.5, 0, 12, 0.5 ], "texture": "#crafting_table_side", "cullface": "up" }
    }
},
{
    "from": [ 4, 15.5, 7 ],
    "to": [ 6.5, 16, 9.5 ],
    "faces": {
        "up":    { "uv": [ 4, 7, 6.5, 9.5 ], "texture": "#crafting_table_top", "cullface": "up" },
        "north": { "uv": [ 9.5, 0, 12, 0.5 ], "texture": "#crafting_table_front", "cullface": "up" },
        "south": { "uv": [ 4, 0, 6.5, 0.5 ], "texture": "#crafting_table_front", "cullface": "up" },
        "west":  { "uv": [ 7, 0, 9.5, 0.5 ], "texture": "#crafting_table_side", "cullface": "up" },
        "east":  { "uv": [ 6.5, 0, 9, 0.5 ], "texture": "#crafting_table_side", "cullface": "up" }
    }
},
{
    "from": [ 4, 15.5, 10 ],
    "to": [ 6.5, 16, 12.5 ],
    "faces": {
        "up":    { "uv": [ 4, 10, 6.5, 12.5 ], "texture": "#crafting_table_top", "cullface": "up" },
        "north": { "uv": [ 9.5, 0, 12, 0.5 ], "texture": "#crafting_table_front", "cullface": "up" },
        "south": { "uv": [ 4, 0, 6.5, 0.5 ], "texture": "#crafting_table_front", "cullface": "up" },
        "west":  { "uv": [ 10, 0, 12.5, 0.5 ], "texture": "#crafting_table_side", "cullface": "up" },
        "east":  { "uv": [ 3.5, 0, 6, 0.5 ], "texture": "#crafting_table_side", "cullface": "up" }
    }
},
{
    "from": [ 10, 15.5, 7 ],
    "to": [ 12.5, 16, 9.5 ],
    "faces": {
        "up":    { "uv": [ 10, 7, 12.5, 9.5 ], "texture": "#crafting_table_top", "cullface": "up" },
        "north": { "uv": [ 3.5, 0, 6, 0.5 ], "texture": "#crafting_table_front", "cullface": "up" },
        "south": { "uv": [ 10, 0, 12.5, 0.5 ], "texture": "#crafting_table_front", "cullface": "up" },
        "west":  { "uv": [ 7, 0, 9.5, 0.5 ], "texture": "#crafting_table_side", "cullface": "up" },
        "east":  { "uv": [ 6.5, 0, 9, 0.5 ], "texture": "#crafting_table_side", "cullface": "up" }
    }
},
{
    "from": [ 10, 15.5, 10 ],
    "to": [ 12.5, 16, 12.5 ],
    "faces": {
        "up":    { "uv": [ 10, 10, 12.5, 12.5 ], "texture": "#crafting_table_top", "cullface": "up" },
        "north": { "uv": [ 3.5, 0, 6, 0.5 ], "texture": "#crafting_table_front", "cullface": "up" },
        "south": { "uv": [ 10, 0, 12.5, 0.5 ], "texture": "#crafting_table_front", "cullface": "up" },
        "west":  { "uv": [ 10, 0, 12.5, 0.5 ], "texture": "#crafting_table_side", "cullface": "up" },
        "east":  { "uv": [ 3.5, 0, 6, 0.5 ], "texture": "#crafting_table_side", "cullface": "up" }
    }
},
{
    "from": [ 3.5, 15.5, 13 ],
    "to": [ 13, 16, 16 ],
    "faces": {
        "down":  { "uv": [ 3.5, 16, 13, 13 ], "texture": "#crafting_table_top", "cullface": "up" },
        "up":    { "uv": [ 3.5, 13, 13, 16 ], "texture": "#crafting_table_top", "cullface": "up" },
        "north": { "uv": [ 3, 0, 12.5, 0.5 ], "texture": "#crafting_table_front", "cullface": "up" },
        "south": { "uv": [ 3.5, 0, 13, 0.5 ], "texture": "#crafting_table_front", "cullface": "up" }
    }
},
{
    "from": [ 13, 15.5, 0 ],
    "to": [ 16, 16, 16 ],
    "faces": {
        "down":  { "uv": [ 13, 16, 16, 0 ], "texture": "#crafting_table_top" },
        "up":    { "uv": [ 13, 0, 16, 16 ], "texture": "#crafting_table_top", "cullface": "up" },
        "north": { "uv": [ 0, 0, 3, 0.5 ], "texture": "#crafting_table_front", "cullface": "north" },
        "south": { "uv": [ 13, 0, 16, 0.5 ], "texture": "#crafting_table_front", "cullface": "south" },
        "west":  { "uv": [ 0, 0, 16, 0.5 ], "texture": "#crafting_table_side", "cullface": "up" },
        "east":  { "uv": [ 0, 0, 16, 0.5 ], "texture": "#crafting_table_side", "cullface": "east" }
    }
},
{
    "from": [ 0, 15.5, 0 ],
    "to": [ 3.5, 16, 16 ],
    "faces": {
        "down":  { "uv": [ 0, 16, 3.5, 0 ], "texture": "#crafting_table_top" },
        "up":    { "uv": [ 0, 0, 3.5, 16 ], "texture": "#crafting_table_top", "cullface": "up" },
        "north": { "uv": [ 12.5, 0, 16, 0.5 ], "texture": "#crafting_table_front", "cullface": "north" },
        "south": { "uv": [ 0, 0, 3.5, 0.5 ], "texture": "#crafting_table_front", "cullface": "south" },
        "west":  { "uv": [ 0, 0, 16, 0.5 ], "texture": "#crafting_table_side", "cullface": "west" },
        "east":  { "uv": [ 0, 0, 16, 0.5 ], "texture": "#crafting_table_side", "cullface": "up" }
    }
},
{
    "from": [ 3.5, 15.5, 0 ],
    "to": [ 13, 16, 3.5 ],
    "faces": {
        "down":  { "uv": [ 3.5, 3.5, 13, 0 ], "texture": "#crafting_table_top" },
        "up":    { "uv": [ 3.5, 0, 13, 3.5 ], "texture": "#crafting_table_top", "cullface": "up" },
        "north": { "uv": [ 3, 0, 12.5, 0.5 ], "texture": "#crafting_table_front", "cullface": "north" },
        "south": { "uv": [ 3.5, 0, 13, 0.5 ], "texture": "#crafting_table_front", "cullface": "up" }
    }
},
{
    "from": [ 0, 0.5, 0 ],
    "to": [ 2.5, 15.5, 2.5 ],
    "faces": {
        "north": { "uv": [ 13.5, 0.5, 16, 15.5 ], "texture": "#crafting_table_front", "cullface": "north" },
        "south": { "uv": [ 0, 0.5, 2.5, 15.5 ], "texture": "#crafting_table_front", "cullface": "west" },
        "west":  { "uv": [ 0, 0.5, 2.5, 15.5 ], "texture": "#crafting_table_side", "cullface": "west" },
        "east":  { "uv": [ 13.5, 0.5, 16, 15.5 ], "texture": "#crafting_table_side", "cullface": "north" }
    }
},
{
    "from": [ 0, 0.5, 13.5 ],
    "to": [ 2.5, 15.5, 16 ],
    "faces": {
        "north": { "uv": [ 13.5, 0.5, 16, 15.5 ], "texture": "#crafting_table_front", "cullface": "west" },
        "south": { "uv": [ 0, 0.5, 2.5, 15.5 ], "texture": "#crafting_table_front", "cullface": "south" },
        "west":  { "uv": [ 13.5, 0.5, 16, 15.5 ], "texture": "#crafting_table_side", "cullface": "west" },
        "east":  { "uv": [ 0, 0.5, 2.5, 15.5 ], "texture": "#crafting_table_side", "cullface": "south" }
    }
},
{
    "from": [ 13.5, 0.5, 13.5 ],
    "to": [ 16, 15.5, 16 ],
    "faces": {
        "north": { "uv": [ 0, 0.5, 2.5, 15.5 ], "texture": "#crafting_table_front", "cullface": "east" },
        "south": { "uv": [ 13.5, 0.5, 16, 15.5 ], "texture": "#crafting_table_front", "cullface": "south" },
        "west":  { "uv": [ 13.5, 0.5, 16, 15.5 ], "texture": "#crafting_table_side", "cullface": "south" },
        "east":  { "uv": [ 0, 0.5, 2.5, 15.5 ], "texture": "#crafting_table_side", "cullface": "east" }
    }
},
{
    "from": [ 13.5, 0.5, 0 ],
    "to": [ 16, 15.5, 2.5 ],
    "faces": {
        "north": { "uv": [ 0, 0.5, 2.5, 15.5 ], "texture": "#crafting_table_front", "cullface": "north" },
        "south": { "uv": [ 13.5, 0.5, 16, 15.5 ], "texture": "#crafting_table_front", "cullface": "east" },
        "west":  { "uv": [ 0, 0.5, 2.5, 15.5 ], "texture": "#crafting_table_side", "cullface": "north" },
        "east":  { "uv": [ 13.5, 0.5, 16, 15.5 ], "texture": "#crafting_table_side", "cullface": "east" }
    }
},
{
    "from": [ 3, 12.5, 15.5 ],
    "to": [ 13, 15.5, 16 ],
    "faces": {
        "down":  { "uv": [ 3, 16, 13, 15.5 ], "texture": "#crafting_table_front", "cullface": "south" },
        "up":    { "uv": [ 3, 15.5, 13, 16 ], "texture": "#crafting_table_front", "cullface": "south" },
        "south": { "uv": [ 3, 0.5, 13, 3.5 ], "texture": "#crafting_table_front", "cullface": "south" },
        "west":  { "uv": [ 15.5, 0.5, 16, 3.5 ], "texture": "#crafting_table_side", "cullface": "south" },
        "east":  { "uv": [ 0, 0.5, 0.5, 3.5 ], "texture": "#crafting_table_side", "cullface": "south" }
    }
},
{
    "from": [ 3, 8, 15.5 ],
    "to": [ 13, 12, 16 ],
    "faces": {
        "down":  { "uv": [ 3, 16, 13, 15.5 ], "texture": "#crafting_table_front", "cullface": "south" },
        "up":    { "uv": [ 3, 15.5, 13, 16 ], "texture": "#crafting_table_front", "cullface": "south" },
        "south": { "uv": [ 3, 4, 13, 8 ], "texture": "#crafting_table_front", "cullface": "south" },
        "west":  { "uv": [ 15.5, 4, 16, 8 ], "texture": "#crafting_table_side", "cullface": "south" },
        "east":  { "uv": [ 0, 4, 0.5, 8 ], "texture": "#crafting_table_side", "cullface": "south" }
    }
},
{
    "from": [ 3, 3.5, 15.5 ],
    "to": [ 13, 7.5, 16 ],
    "faces": {
        "down":  { "uv": [ 3, 16, 13, 15.5 ], "texture": "#crafting_table_front", "cullface": "south" },
        "up":    { "uv": [ 3, 15.5, 13, 16 ], "texture": "#crafting_table_front", "cullface": "south" },
        "south": { "uv": [ 3, 8.5, 13, 12.5 ], "texture": "#crafting_table_front", "cullface": "south" },
        "west":  { "uv": [ 15.5, 8.5, 16, 12.5 ], "texture": "#crafting_table_side", "cullface": "south" },
        "east":  { "uv": [ 0, 8.5, 0.5, 12.5 ], "texture": "#crafting_table_side", "cullface": "south" }
    }
},
{
    "from": [ 3, 0.5, 15.5 ],
    "to": [ 13, 3, 16 ],
    "faces": {
        "up":    { "uv": [ 3, 15.5, 13, 16 ], "texture": "#crafting_table_front", "cullface": "south" },
        "south": { "uv": [ 3, 13, 13, 15.5 ], "texture": "#crafting_table_front", "cullface": "south" },
        "west":  { "uv": [ 15.5, 13, 16, 15.5 ], "texture": "#crafting_table_side", "cullface": "south" },
        "east":  { "uv": [ 0, 13, 0.5, 15.5 ], "texture": "#crafting_table_side", "cullface": "south" }
    }
},
{
    "from": [ 0, 12.5, 3 ],
    "to": [ 0.5, 15.5, 13 ],
    "faces": {
        "down":  { "uv": [ 3, 16, 13, 15.5 ], "rotation": 270, "texture": "#crafting_table_front", "cullface": "west" },
        "north": { "uv": [ 15.5, 0.5, 16, 3.5 ], "texture": "#crafting_table_side", "cullface": "west" },
        "south": { "uv": [ 0, 0.5, 0.5, 3.5 ], "texture": "#crafting_table_side", "cullface": "west" },
        "west":  { "uv": [ 3, 0.5, 13, 3.5 ], "texture": "#crafting_table_front", "cullface": "west" }
    }
},
{
    "from": [ 0, 8, 3 ],
    "to": [ 0.5, 12, 13 ],
    "faces": {
        "down":  { "uv": [ 3, 16, 13, 15.5 ], "rotation": 270, "texture": "#crafting_table_front", "cullface": "west" },
        "up":    { "uv": [ 3, 15.5, 13, 16 ], "rotation": 90, "texture": "#crafting_table_front", "cullface": "west" },
        "north": { "uv": [ 15.5, 4, 16, 8 ], "texture": "#crafting_table_side", "cullface": "west" },
        "south": { "uv": [ 0, 4, 0.5, 8 ], "texture": "#crafting_table_side", "cullface": "west" },
        "west":  { "uv": [ 3, 4, 13, 8 ], "texture": "#crafting_table_front", "cullface": "west" }
    }
},
{
    "from": [ 0, 3.5, 3 ],
    "to": [ 0.5, 7.5, 13 ],
    "faces": {
        "down":  { "uv": [ 3, 16, 13, 15.5 ], "rotation": 270, "texture": "#crafting_table_front", "cullface": "west" },
        "up":    { "uv": [ 3, 15.5, 13, 16 ], "rotation": 90, "texture": "#crafting_table_front", "cullface": "west" },
        "north": { "uv": [ 15.5, 8.5, 16, 12.5 ], "texture": "#crafting_table_side", "cullface": "west" },
        "south": { "uv": [ 0, 8.5, 0.5, 12.5 ], "texture": "#crafting_table_side", "cullface": "west" },
        "west":  { "uv": [ 3, 8.5, 13, 12.5 ], "texture": "#crafting_table_front", "cullface": "west" }
    }
},
{
    "from": [ 0, 0.5, 3 ],
    "to": [ 0.5, 3, 13 ],
    "faces": {
        "up":    { "uv": [ 0, 3, 0.5, 13 ], "texture": "#crafting_table_front", "cullface": "west" },
        "north": { "uv": [ 15.5, 13, 16, 15.5 ], "texture": "#crafting_table_side", "cullface": "west" },
        "south": { "uv": [ 0, 13, 0.5, 15.5 ], "texture": "#crafting_table_side", "cullface": "west" },
        "west":  { "uv": [ 3, 13, 13, 15.5 ], "texture": "#crafting_table_front", "cullface": "west" }
    }
},
{
    "from": [ 3, 12.5, 0 ],
    "to": [ 13, 15.5, 0.5 ],
    "faces": {
        "down":  { "uv": [ 3, 16, 13, 15.5 ], "rotation": 180, "texture": "#crafting_table_front", "cullface": "north" },
        "up":    { "uv": [ 3, 15.5, 13, 16 ], "rotation": 180, "texture": "#crafting_table_front", "cullface": "north" },
        "north": { "uv": [ 3, 0.5, 13, 3.5 ], "texture": "#crafting_table_front", "cullface": "north" },
        "west":  { "uv": [ 0, 0.5, 0.5, 3.5 ], "texture": "#crafting_table_side", "cullface": "north" },
        "east":  { "uv": [ 15.5, 0.5, 16, 3.5 ], "texture": "#crafting_table_side", "cullface": "north" }
    }
},
{
    "from": [ 3, 8, 0 ],
    "to": [ 13, 12, 0.5 ],
    "faces": {
        "down":  { "uv": [ 3, 16, 13, 15.5 ], "rotation": 180, "texture": "#crafting_table_front", "cullface": "north" },
        "up":    { "uv": [ 3, 15.5, 13, 16 ], "rotation": 180, "texture": "#crafting_table_front", "cullface": "north" },
        "north": { "uv": [ 3, 4, 13, 8 ], "texture": "#crafting_table_front", "cullface": "north" },
        "west":  { "uv": [ 0, 4, 0.5, 8 ], "texture": "#crafting_table_side", "cullface": "north" },
        "east":  { "uv": [ 15.5, 4, 16, 8 ], "texture": "#crafting_table_side", "cullface": "north" }
    }
},
{
    "from": [ 3, 3.5, 0 ],
    "to": [ 13, 7.5, 0.5 ],
    "faces": {
        "down":  { "uv": [ 3, 16, 13, 15.5 ], "rotation": 180, "texture": "#crafting_table_front", "cullface": "north" },
        "up":    { "uv": [ 3, 15.5, 13, 16 ], "rotation": 180, "texture": "#crafting_table_front", "cullface": "north" },
        "north": { "uv": [ 3, 8.5, 13, 12.5 ], "texture": "#crafting_table_front", "cullface": "north" },
        "west":  { "uv": [ 0, 8.5, 0.5, 12.5 ], "texture": "#crafting_table_side", "cullface": "north" },
        "east":  { "uv": [ 15.5, 8.5, 16, 12.5 ], "texture": "#crafting_table_side", "cullface": "north" }
    }
},
{
    "from": [ 3, 0.5, 0 ],
    "to": [ 13, 3, 0.5 ],
    "faces": {
        "up":    { "uv": [ 3, 8.5, 13, 9 ], "texture": "#crafting_table_front", "cullface": "north" },
        "north": { "uv": [ 3, 13, 13, 15.5 ], "texture": "#crafting_table_front", "cullface": "north" },
        "west":  { "uv": [ 0, 13, 0.5, 15.5 ], "texture": "#crafting_table_side", "cullface": "north" },
        "east":  { "uv": [ 15.5, 13, 16, 15.5 ], "texture": "#crafting_table_side", "cullface": "north" }
    }
},
{
    "from": [ 15.5, 12.5, 3 ],
    "to": [ 16, 15.5, 13 ],
    "faces": {
        "down":  { "uv": [ 3, 16, 13, 15.5 ], "rotation": 90, "texture": "#crafting_table_front", "cullface": "east" },
        "north": { "uv": [ 0, 0.5, 0.5, 3.5 ], "texture": "#crafting_table_side", "cullface": "east" },
        "south": { "uv": [ 15.5, 0.5, 16, 3.5 ], "texture": "#crafting_table_side", "cullface": "east" },
        "east":  { "uv": [ 3, 0.5, 13, 3.5 ], "texture": "#crafting_table_front", "cullface": "east" }
    }
},
{
    "from": [ 15.5, 8, 3 ],
    "to": [ 16, 12, 13 ],
    "faces": {
        "down":  { "uv": [ 3, 16, 13, 15.5 ], "rotation": 90, "texture": "#crafting_table_front", "cullface": "east" },
        "up":    { "uv": [ 3, 15.5, 13, 16 ], "rotation": 270, "texture": "#crafting_table_front", "cullface": "east" },
        "north": { "uv": [ 0, 4, 0.5, 8 ], "texture": "#crafting_table_side", "cullface": "east" },
        "south": { "uv": [ 15.5, 4, 16, 8 ], "texture": "#crafting_table_side", "cullface": "east" },
        "east":  { "uv": [ 3, 4, 13, 8 ], "texture": "#crafting_table_front", "cullface": "east" }
    }
},
{
    "from": [ 15.5, 3.5, 3 ],
    "to": [ 16, 7.5, 13 ],
    "faces": {
        "down":  { "uv": [ 3, 16, 13, 15.5 ], "rotation": 90, "texture": "#crafting_table_front", "cullface": "east" },
        "up":    { "uv": [ 3, 15.5, 13, 16 ], "rotation": 270, "texture": "#crafting_table_front", "cullface": "east" },
        "north": { "uv": [ 0, 8.5, 0.5, 12.5 ], "texture": "#crafting_table_side", "cullface": "east" },
        "south": { "uv": [ 15.5, 8.5, 16, 12.5 ], "texture": "#crafting_table_side", "cullface": "east" },
        "east":  { "uv": [ 3, 8.5, 13, 12.5 ], "texture": "#crafting_table_front", "cullface": "east" }
    }
},
{
    "from": [ 15.5, 0.5, 3 ],
    "to": [ 16, 3, 13 ],
    "faces": {
        "up":    { "uv": [ 15.5, 3, 16, 13 ], "texture": "#crafting_table_front", "cullface": "east" },
        "north": { "uv": [ 0, 13, 0.5, 15.5 ], "texture": "#crafting_table_side", "cullface": "east" },
        "south": { "uv": [ 15.5, 13, 16, 15.5 ], "texture": "#crafting_table_side", "cullface": "east" },
        "east":  { "uv": [ 3, 13, 13, 15.5 ], "texture": "#crafting_table_front", "cullface": "east" }
    }
},
{
    "from": [ 0, 0, 0 ],
    "to": [ 16, 0.5, 16 ],
    "faces": {
        "down":  { "uv": [ 0, 16, 16, 0 ], "texture": "#planks_spruce", "cullface": "down" },
        "up":    { "uv": [ 0, 0, 16, 16 ], "texture": "#crafting_table_top" },
        "north": { "uv": [ 0, 15.5, 16, 16 ], "texture": "#crafting_table_front", "cullface": "north" },
        "south": { "uv": [ 0, 15.5, 16, 16 ], "texture": "#crafting_table_front", "cullface": "south" },
        "west":  { "uv": [ 0, 15.5, 16, 16 ], "texture": "#crafting_table_side", "cullface": "west" },
        "east":  { "uv": [ 0, 15.5, 16, 16 ], "texture": "#crafting_table_side", "cullface": "east" }
    }
}
],
    "display": {
        "gui": {
            "rotation": [ 30, 225, 0 ],
            "translation": [ 0, 0, 0],
            "scale":[ 0.625, 0.625, 0.625 ]
        },
        "ground": {
            "rotation": [ 0, 0, 0 ],
            "translation": [ 0, 3, 0],
            "scale":[ 0.25, 0.25, 0.25 ]
        },
        "fixed": {
            "rotation": [ 0, 0, 0 ],
            "translation": [ 0, 0, 0],
            "scale":[ 0.5, 0.5, 0.5 ]
        },
        "thirdperson_righthand": {
            "rotation": [ 75, 45, 0 ],
            "translation": [ 0, 2.5, 0],
            "scale": [ 0.375, 0.375, 0.375 ]
        },
        "firstperson_righthand": {
            "rotation": [ 0, 45, 0 ],
            "translation": [ 0, 0, 0 ],
            "scale": [ 0.40, 0.40, 0.40 ]
        },
        "firstperson_lefthand": {
            "rotation": [ 0, 225, 0 ],
            "translation": [ 0, 0, 0 ],
            "scale": [ 0.40, 0.40, 0.40 ]
        }
    }
}