{
"ambientocclusion": false,
"textures": {
    "particle": "blocks/enchanting_table_top",
    "bottom": "blocks/enchanting_table_bottom",
    "top": "blocks/enchanting_table_top",
    "side": "blocks/enchanting_table_side"
},
"elements": [ 
{
    "from": [ 6.5, 0, 15 ],
    "to": [ 9.5, 2.5, 15.5 ],
    "faces": {
        "down":  { "uv": [ 15.5, 15.5, 16, 12.5 ], "rotation": 90, "texture": "#side", "cullface": "down" },
        "up":    { "uv": [ 0, 12.5, 0.5, 15.5 ], "rotation": 270, "texture": "#side" },
        "south": { "uv": [ 6.5, 13.5, 9.5, 16 ], "texture": "#side" }
    }
},
{
    "from": [ 9.5, 0, 15 ],
    "to": [ 10, 3, 15.5 ],
    "faces": {
        "down":  { "uv": [ 15.5, 16, 16, 15.5 ], "rotation": 90, "texture": "#side", "cullface": "down" },
        "up":    { "uv": [ 15, 15, 15.5, 15.5 ], "rotation": 270, "texture": "#side" },
        "south": { "uv": [ 9.5, 13, 10, 16 ], "texture": "#side" },
        "west":  { "uv": [ 9.5, 13, 10, 16 ], "texture": "#side" }
    }
},
{
    "from": [ 6, 0, 15 ],
    "to": [ 6.5, 3, 15.5 ],
    "faces": {
        "down":  { "uv": [ 15.5, 16, 16, 15.5 ], "rotation": 90, "texture": "#side", "cullface": "down" },
        "up":    { "uv": [ 15, 15, 15.5, 15.5 ], "rotation": 270, "texture": "#side" },
        "south": { "uv": [ 6, 13, 6.5, 16 ], "texture": "#side" },
        "east":  { "uv": [ 6, 13, 6.5, 16 ], "texture": "#side" }
    }
},
{
    "from": [ 10, 0, 15 ],
    "to": [ 15, 4, 15.5 ],
    "faces": {
        "down":  { "uv": [ 10, 16, 16, 15.5 ], "rotation": 180, "texture": "#side", "cullface": "down" },
        "up":    { "uv": [ 9.5, 15, 15.5, 15.5 ], "texture": "#side" },
        "south": { "uv": [ 10, 12, 15.5, 16 ], "texture": "#side" },
        "west":  { "uv": [ 15, 12, 15.5, 16 ], "texture": "#side" }
    }
},
{
    "from": [ 0.5, 0, 15 ],
    "to": [ 6, 4, 15.5 ],
    "faces": {
        "down":  { "uv": [ 0, 16, 6, 15.5 ], "rotation": 180, "texture": "#side", "cullface": "down" },
        "up":    { "uv": [ 0, 15, 6, 15.5 ], "texture": "#side" },
        "north": { "uv": [ 10, 12, 16, 16 ], "texture": "#side" },
        "south": { "uv": [ 0, 12, 6, 16 ], "texture": "#side" },
        "west":  { "uv": [ 15.5, 12, 16, 16 ], "texture": "#side" },
        "east":  { "uv": [ 0.5, 12, 1, 16 ], "texture": "#side" }
    }
},
{
    "from": [ 15, 0, 6.5 ],
    "to": [ 15.5, 2.5, 9.5 ],
    "faces": {
        "down":  { "uv": [ 15.5, 15.5, 16, 12.5 ], "rotation": 180, "texture": "#side", "cullface": "down" },
        "up":    { "uv": [ 0, 12.5, 0.5, 15.5 ], "rotation": 180, "texture": "#side" },
        "east":  { "uv": [ 6.5, 13.5, 9.5, 16 ], "texture": "#side" }
    }
},
{
    "from": [ 15, 0, 6 ],
    "to": [ 15.5, 3, 6.5 ],
    "faces": {
        "down":  { "uv": [ 15.5, 16, 16, 15.5 ], "rotation": 180, "texture": "#side", "cullface": "down" },
        "up":    { "uv": [ 15, 15, 15.5, 15.5 ], "rotation": 180, "texture": "#side" },
        "south": { "uv": [ 9.5, 13, 10, 16 ], "texture": "#side" },
        "east":  { "uv": [ 9.5, 13, 10, 16 ], "texture": "#side" }
    }
},
{
    "from": [ 15, 0, 9.5 ],
    "to": [ 15.5, 3, 10 ],
    "faces": {
        "down":  { "uv": [ 15.5, 16, 16, 15.5 ], "rotation": 180, "texture": "#side", "cullface": "down" },
        "up":    { "uv": [ 15, 15, 15.5, 15.5 ], "rotation": 180, "texture": "#side" },
        "north": { "uv": [ 6, 13, 6.5, 16 ], "texture": "#side" },
        "east":  { "uv": [ 6, 13, 6.5, 16 ], "texture": "#side" }
    }
},
{
    "from": [ 15, 0, 1 ],
    "to": [ 15.5, 4, 6 ],
    "faces": {
        "down":  { "uv": [ 10, 16, 16, 15.5 ], "rotation": 270, "texture": "#side", "cullface": "down" },
        "up":    { "uv": [ 9.5, 15, 15.5, 15.5 ], "rotation": 270, "texture": "#side" },
        "south": { "uv": [ 15, 12, 15.5, 16 ], "texture": "#side" },
        "east":  { "uv": [ 10, 12, 15.5, 16 ], "texture": "#side" }
    }
},
{
    "from": [ 15, 0, 10 ],
    "to": [ 15.5, 4, 15.5 ],
    "faces": {
        "down":  { "uv": [ 0, 16, 6, 15.5 ], "rotation": 270, "texture": "#side", "cullface": "down" },
        "up":    { "uv": [ 0, 15, 6, 15.5 ], "rotation": 270, "texture": "#side" },
        "north": { "uv": [ 0.5, 12, 1, 16 ], "texture": "#side" },
        "south": { "uv": [ 15.5, 12, 16, 16 ], "texture": "#side" },
        "west":  { "uv": [ 10, 12, 16, 16 ], "texture": "#side" },
        "east":  { "uv": [ 0, 12, 6, 16 ], "texture": "#side" }
    }
},
{
    "from": [ 6.5, 0, 0.5 ],
    "to": [ 9.5, 2.5, 1 ],
    "faces": {
        "down":  { "uv": [ 15.5, 15.5, 16, 12.5 ], "rotation": 270, "texture": "#side", "cullface": "down" },
        "up":    { "uv": [ 0, 12.5, 0.5, 15.5 ], "rotation": 90, "texture": "#side" },
        "north": { "uv": [ 6.5, 13.5, 9.5, 16 ], "texture": "#side" }
    }
},
{
    "from": [ 6, 0, 0.5 ],
    "to": [ 6.5, 3, 1 ],
    "faces": {
        "down":  { "uv": [ 15.5, 16, 16, 15.5 ], "rotation": 270, "texture": "#side", "cullface": "down" },
        "up":    { "uv": [ 15, 15, 15.5, 15.5 ], "rotation": 90, "texture": "#side" },
        "north": { "uv": [ 9.5, 13, 10, 16 ], "texture": "#side" },
        "east":  { "uv": [ 9.5, 13, 10, 16 ], "texture": "#side" }
    }
},
{
    "from": [ 9.5, 0, 0.5 ],
    "to": [ 10, 3, 1 ],
    "faces": {
        "down":  { "uv": [ 15.5, 16, 16, 15.5 ], "rotation": 270, "texture": "#side", "cullface": "down" },
        "up":    { "uv": [ 15, 15, 15.5, 15.5 ], "rotation": 90, "texture": "#side" },
        "north": { "uv": [ 6, 13, 6.5, 16 ], "texture": "#side" },
        "west":  { "uv": [ 6, 13, 6.5, 16 ], "texture": "#side" }
    }
},
{
    "from": [ 1, 0, 0.5 ],
    "to": [ 6, 4, 1 ],
    "faces": {
        "down":  { "uv": [ 10, 16, 16, 15.5 ], "texture": "#side", "cullface": "down" },
        "up":    { "uv": [ 9.5, 15, 15.5, 15.5 ], "rotation": 180, "texture": "#side" },
        "north": { "uv": [ 10, 12, 15.5, 16 ], "texture": "#side" },
        "east":  { "uv": [ 15, 12, 15.5, 16 ], "texture": "#side" }
    }
},
{
    "from": [ 10, 0, 0.5 ],
    "to": [ 15.5, 4, 1 ],
    "faces": {
        "down":  { "uv": [ 0, 16, 6, 15.5 ], "texture": "#side", "cullface": "down" },
        "up":    { "uv": [ 0, 15, 6, 15.5 ], "rotation": 180, "texture": "#side" },
        "north": { "uv": [ 0, 12, 6, 16 ], "texture": "#side" },
        "south": { "uv": [ 10, 12, 16, 16 ], "texture": "#side" },
        "west":  { "uv": [ 0.5, 12, 1, 16 ], "texture": "#side" },
        "east":  { "uv": [ 15.5, 12, 16, 16 ], "texture": "#side" }
    }
},
{
    "from": [ 13, 9, 0 ],
    "to": [ 14, 10, 1 ],
    "faces": {
        "down":  { "uv": [ 15, 14, 16, 13 ], "rotation": 90, "texture": "#top" },
        "up":    { "uv": [ 15, 13, 16, 14 ], "rotation": 270, "texture": "#top" },
        "north": { "uv": [ 2, 6, 3, 7 ], "texture": "#side" },
        "west":  { "uv": [ 0, 6, 1, 7 ], "texture": "#side" },
        "east":  { "uv": [ 15, 6, 16, 7 ], "texture": "#side" }
    }
},
{
    "from": [ 13, 10.5, 0 ],
    "to": [ 16, 11, 3 ],
    "faces": {
        "down":  { "uv": [ 13, 16, 16, 13 ], "rotation": 90, "texture": "#top" },
        "north": { "uv": [ 0, 5, 3, 5.5 ], "texture": "#side" },
        "south": { "uv": [ 13, 5, 16, 5.5 ], "texture": "#side" },
        "west":  { "uv": [ 0, 5, 3, 5.5 ], "texture": "#side" },
        "east":  { "uv": [ 13, 5, 16, 5.5 ], "texture": "#side" }
    }
},
{
    "from": [ 15, 9, 2 ],
    "to": [ 16, 10, 3 ],
    "faces": {
        "down":  { "uv": [ 13, 16, 14, 15 ], "rotation": 90, "texture": "#top" },
        "up":    { "uv": [ 13, 15, 14, 16 ], "rotation": 270, "texture": "#top" },
        "north": { "uv": [ 0, 6, 1, 7 ], "texture": "#side" },
        "south": { "uv": [ 15, 6, 16, 7 ], "texture": "#side" },
        "east":  { "uv": [ 13, 6, 14, 7 ], "texture": "#side" }
    }
},
{
    "from": [ 14.5, 9, 0 ],
    "to": [ 16, 9.5, 1.5 ],
    "faces": {
        "down":  { "uv": [ 14.5, 16, 16, 14.5 ], "rotation": 90, "texture": "#top" },
        "north": { "uv": [ 0, 6.5, 1.5, 7 ], "texture": "#side" },
        "south": { "uv": [ 14.5, 6.5, 16, 7 ], "texture": "#side" },
        "west":  { "uv": [ 0, 6.5, 1.5, 7 ], "texture": "#side" },
        "east":  { "uv": [ 14.5, 6.5, 16, 7 ], "texture": "#side" }
    }
},
{
    "from": [ 15, 7.5, 0 ],
    "to": [ 16, 9, 1 ],
    "faces": {
        "down":  { "uv": [ 15, 16, 16, 15 ], "rotation": 90, "texture": "#top" },
        "north": { "uv": [ 0, 7, 1, 8.5 ], "texture": "#side" },
        "south": { "uv": [ 15, 7, 16, 8.5 ], "texture": "#side" },
        "west":  { "uv": [ 0, 7, 1, 8.5 ], "texture": "#side" },
        "east":  { "uv": [ 15, 7, 16, 8.5 ], "texture": "#side" }
    }
},
{
    "from": [ 13.5, 9.5, 0 ],
    "to": [ 16, 10.5, 2.5 ],
    "faces": {
        "down":  { "uv": [ 13.5, 16, 16, 13.5 ], "rotation": 90, "texture": "#top" },
        "north": { "uv": [ 0, 5.5, 2.5, 6.5 ], "texture": "#side" },
        "south": { "uv": [ 13.5, 5.5, 16, 6.5 ], "texture": "#side" },
        "west":  { "uv": [ 0, 5.5, 2.5, 6.5 ], "texture": "#side" },
        "east":  { "uv": [ 13.5, 5.5, 16, 6.5 ], "texture": "#side" }
    }
},
{
    "from": [ 0, 9, 2 ],
    "to": [ 1, 10, 3 ],
    "faces": {
        "down":  { "uv": [ 15, 14, 16, 13 ], "rotation": 180, "texture": "#top" },
        "up":    { "uv": [ 15, 13, 16, 14 ], "rotation": 180, "texture": "#top" },
        "north": { "uv": [ 15, 6, 16, 7 ], "texture": "#side" },
        "south": { "uv": [ 0, 6, 1, 7 ], "texture": "#side" },
        "west":  { "uv": [ 2, 6, 3, 7 ], "texture": "#side" }
    }
},
{
    "from": [ 0, 10.5, 0 ],
    "to": [ 3, 11, 3 ],
    "faces": {
        "down":  { "uv": [ 13, 16, 16, 13 ], "rotation": 180, "texture": "#top" },
        "north": { "uv": [ 13, 5, 16, 5.5 ], "texture": "#side" },
        "south": { "uv": [ 0, 5, 3, 5.5 ], "texture": "#side" },
        "west":  { "uv": [ 0, 5, 3, 5.5 ], "texture": "#side" },
        "east":  { "uv": [ 13, 5, 16, 5.5 ], "texture": "#side" }
    }
},
{
    "from": [ 2, 9, 0 ],
    "to": [ 3, 10, 1 ],
    "faces": {
        "down":  { "uv": [ 13, 16, 14, 15 ], "rotation": 180, "texture": "#top" },
        "up":    { "uv": [ 13, 15, 14, 16 ], "rotation": 180, "texture": "#top" },
        "north": { "uv": [ 13, 6, 14, 7 ], "texture": "#side" },
        "west":  { "uv": [ 0, 6, 1, 7 ], "texture": "#side" },
        "east":  { "uv": [ 15, 6, 16, 7 ], "texture": "#side" }
    }
},
{
    "from": [ 0, 9, 0 ],
    "to": [ 1.5, 9.5, 1.5 ],
    "faces": {
        "down":  { "uv": [ 14.5, 16, 16, 14.5 ], "rotation": 180, "texture": "#top" },
        "north": { "uv": [ 14.5, 6.5, 16, 7 ], "texture": "#side" },
        "south": { "uv": [ 0, 6.5, 1.5, 7 ], "texture": "#side" },
        "west":  { "uv": [ 0, 6.5, 1.5, 7 ], "texture": "#side" },
        "east":  { "uv": [ 14.5, 6.5, 16, 7 ], "texture": "#side" }
    }
},
{
    "from": [ 0, 7.5, 0 ],
    "to": [ 1, 9, 1 ],
    "faces": {
        "down":  { "uv": [ 15, 16, 16, 15 ], "rotation": 180, "texture": "#top" },
        "north": { "uv": [ 15, 7, 16, 8.5 ], "texture": "#side" },
        "south": { "uv": [ 0, 7, 1, 8.5 ], "texture": "#side" },
        "west":  { "uv": [ 0, 7, 1, 8.5 ], "texture": "#side" },
        "east":  { "uv": [ 15, 7, 16, 8.5 ], "texture": "#side" }
    }
},
{
    "from": [ 0, 9.5, 0 ],
    "to": [ 2.5, 10.5, 2.5 ],
    "faces": {
        "down":  { "uv": [ 13.5, 16, 16, 13.5 ], "rotation": 180, "texture": "#top" },
        "north": { "uv": [ 13.5, 5.5, 16, 6.5 ], "texture": "#side" },
        "south": { "uv": [ 0, 5.5, 2.5, 6.5 ], "texture": "#side" },
        "west":  { "uv": [ 0, 5.5, 2.5, 6.5 ], "texture": "#side" },
        "east":  { "uv": [ 13.5, 5.5, 16, 6.5 ], "texture": "#side" }
    }
},
{
    "from": [ 2, 9, 15 ],
    "to": [ 3, 10, 16 ],
    "faces": {
        "down":  { "uv": [ 15, 14, 16, 13 ], "rotation": 270, "texture": "#top" },
        "up":    { "uv": [ 15, 13, 16, 14 ], "rotation": 90, "texture": "#top" },
        "south": { "uv": [ 2, 6, 3, 7 ], "texture": "#side" },
        "west":  { "uv": [ 15, 6, 16, 7 ], "texture": "#side" },
        "east":  { "uv": [ 0, 6, 1, 7 ], "texture": "#side" }
    }
},
{
    "from": [ 0, 10.5, 13 ],
    "to": [ 3, 11, 16 ],
    "faces": {
        "down":  { "uv": [ 13, 16, 16, 13 ], "rotation": 270, "texture": "#top" },
        "north": { "uv": [ 13, 5, 16, 5.5 ], "texture": "#side" },
        "south": { "uv": [ 0, 5, 3, 5.5 ], "texture": "#side" },
        "west":  { "uv": [ 13, 5, 16, 5.5 ], "texture": "#side" },
        "east":  { "uv": [ 0, 5, 3, 5.5 ], "texture": "#side" }
    }
},
{
    "from": [ 0, 9, 13 ],
    "to": [ 1, 10, 14 ],
    "faces": {
        "down":  { "uv": [ 13, 16, 14, 15 ], "rotation": 270, "texture": "#top" },
        "up":    { "uv": [ 13, 15, 14, 16 ], "rotation": 90, "texture": "#top" },
        "north": { "uv": [ 15, 6, 16, 7 ], "texture": "#side" },
        "south": { "uv": [ 0, 6, 1, 7 ], "texture": "#side" },
        "west":  { "uv": [ 13, 6, 14, 7 ], "texture": "#side" }
    }
},
{
    "from": [ 0, 9, 14.5 ],
    "to": [ 1.5, 9.5, 16 ],
    "faces": {
        "down":  { "uv": [ 14.5, 16, 16, 14.5 ], "rotation": 270, "texture": "#top" },
        "north": { "uv": [ 14.5, 6.5, 16, 7 ], "texture": "#side" },
        "south": { "uv": [ 0, 6.5, 1.5, 7 ], "texture": "#side" },
        "west":  { "uv": [ 14.5, 6.5, 16, 7 ], "texture": "#side" },
        "east":  { "uv": [ 0, 6.5, 1.5, 7 ], "texture": "#side" }
    }
},
{
    "from": [ 0, 7.5, 15 ],
    "to": [ 1, 9, 16 ],
    "faces": {
        "down":  { "uv": [ 15, 16, 16, 15 ], "rotation": 270, "texture": "#top" },
        "north": { "uv": [ 15, 7, 16, 8.5 ], "texture": "#side" },
        "south": { "uv": [ 0, 7, 1, 8.5 ], "texture": "#side" },
        "west":  { "uv": [ 15, 7, 16, 8.5 ], "texture": "#side" },
        "east":  { "uv": [ 0, 7, 1, 8.5 ], "texture": "#side" }
    }
},
{
    "from": [ 0, 9.5, 13.5 ],
    "to": [ 2.5, 10.5, 16 ],
    "faces": {
        "down":  { "uv": [ 13.5, 16, 16, 13.5 ], "rotation": 270, "texture": "#top" },
        "north": { "uv": [ 13.5, 5.5, 16, 6.5 ], "texture": "#side" },
        "south": { "uv": [ 0, 5.5, 2.5, 6.5 ], "texture": "#side" },
        "west":  { "uv": [ 13.5, 5.5, 16, 6.5 ], "texture": "#side" },
        "east":  { "uv": [ 0, 5.5, 2.5, 6.5 ], "texture": "#side" }
    }
},
{
    "from": [ 15, 9, 13 ],
    "to": [ 16, 10, 14 ],
    "faces": {
        "down":  { "uv": [ 15, 14, 16, 13 ], "texture": "#top" },
        "up":    { "uv": [ 15, 13, 16, 14 ], "texture": "#top" },
        "north": { "uv": [ 0, 6, 1, 7 ], "texture": "#side" },
        "south": { "uv": [ 15, 6, 16, 7 ], "texture": "#side" },
        "east":  { "uv": [ 2, 6, 3, 7 ], "texture": "#side" }
    }
},
{
    "from": [ 13, 10.5, 13 ],
    "to": [ 16, 11, 16 ],
    "faces": {
        "down":  { "uv": [ 13, 16, 16, 13 ], "texture": "#top" },
        "north": { "uv": [ 0, 5, 3, 5.5 ], "texture": "#side" },
        "south": { "uv": [ 13, 5, 16, 5.5 ], "texture": "#side" },
        "west":  { "uv": [ 13, 5, 16, 5.5 ], "texture": "#side" },
        "east":  { "uv": [ 0, 5, 3, 5.5 ], "texture": "#side" }
    }
},
{
    "from": [ 13, 9, 15 ],
    "to": [ 14, 10, 16 ],
    "faces": {
        "down":  { "uv": [ 13, 16, 14, 15 ], "texture": "#top" },
        "up":    { "uv": [ 13, 15, 14, 16 ], "texture": "#top" },
        "south": { "uv": [ 13, 6, 14, 7 ], "texture": "#side" },
        "west":  { "uv": [ 15, 6, 16, 7 ], "texture": "#side" },
        "east":  { "uv": [ 0, 6, 1, 7 ], "texture": "#side" }
    }
},
{
    "from": [ 14.5, 9, 14.5 ],
    "to": [ 16, 9.5, 16 ],
    "faces": {
        "down":  { "uv": [ 14.5, 16, 16, 14.5 ], "texture": "#top" },
        "north": { "uv": [ 0, 6.5, 1.5, 7 ], "texture": "#side" },
        "south": { "uv": [ 14.5, 6.5, 16, 7 ], "texture": "#side" },
        "west":  { "uv": [ 14.5, 6.5, 16, 7 ], "texture": "#side" },
        "east":  { "uv": [ 0, 6.5, 1.5, 7 ], "texture": "#side" }
    }
},
{
    "from": [ 15, 7.5, 15 ],
    "to": [ 16, 9, 16 ],
    "faces": {
        "down":  { "uv": [ 15, 16, 16, 15 ], "texture": "#top" },
        "north": { "uv": [ 0, 7, 1, 8.5 ], "texture": "#side" },
        "south": { "uv": [ 15, 7, 16, 8.5 ], "texture": "#side" },
        "west":  { "uv": [ 15, 7, 16, 8.5 ], "texture": "#side" },
        "east":  { "uv": [ 0, 7, 1, 8.5 ], "texture": "#side" }
    }
},
{
    "from": [ 13.5, 9.5, 13.5 ],
    "to": [ 16, 10.5, 16 ],
    "faces": {
        "down":  { "uv": [ 13.5, 16, 16, 13.5 ], "texture": "#top" },
        "north": { "uv": [ 0, 5.5, 2.5, 6.5 ], "texture": "#side" },
        "south": { "uv": [ 13.5, 5.5, 16, 6.5 ], "texture": "#side" },
        "west":  { "uv": [ 13.5, 5.5, 16, 6.5 ], "texture": "#side" },
        "east":  { "uv": [ 0, 5.5, 2.5, 6.5 ], "texture": "#side" }
    }
},
{
    "from": [ 3.5, 11, 1 ],
    "to": [ 4, 12, 2 ],
    "faces": {
        "down":  { "uv": [ 3.5, 2, 4, 1 ], "texture": "#top" },
        "up":    { "uv": [ 3.5, 1, 4, 2 ], "texture": "#top" },
        "north": { "uv": [ 12, 4, 12.5, 5 ], "texture": "#side" },
        "south": { "uv": [ 3.5, 4, 4, 5 ], "texture": "#side" },
        "east":  { "uv": [ 14, 4, 15, 5 ], "texture": "#side" }
    }
},
{
    "from": [ 12, 11, 14 ],
    "to": [ 12.5, 12, 15 ],
    "faces": {
        "down":  { "uv": [ 12, 15, 12.5, 14 ], "texture": "#top" },
        "up":    { "uv": [ 12, 14, 12.5, 15 ], "texture": "#top" },
        "north": { "uv": [ 3.5, 4, 4, 5 ], "texture": "#side" },
        "south": { "uv": [ 12, 4, 12.5, 5 ], "texture": "#side" },
        "west":  { "uv": [ 14, 4, 15, 5 ], "texture": "#side" }
    }
},
{
    "from": [ 3.5, 11, 14 ],
    "to": [ 4, 12, 15 ],
    "faces": {
        "down":  { "uv": [ 3.5, 15, 4, 14 ], "texture": "#top" },
        "up":    { "uv": [ 3.5, 14, 4, 15 ], "texture": "#top" },
        "north": { "uv": [ 12, 4, 12.5, 5 ], "texture": "#side" },
        "south": { "uv": [ 3.5, 4, 4, 5 ], "texture": "#side" },
        "east":  { "uv": [ 1, 4, 2, 5 ], "texture": "#side" }
    }
},
{
    "from": [ 3, 11, 12 ],
    "to": [ 4, 12, 13 ],
    "faces": {
        "down":  { "uv": [ 3, 13, 4, 12 ], "texture": "#top" },
        "up":    { "uv": [ 3, 12, 4, 13 ], "texture": "#top" },
        "north": { "uv": [ 12, 4, 13, 5 ], "texture": "#side" },
        "south": { "uv": [ 3, 4, 4, 5 ], "texture": "#side" },
        "west":  { "uv": [ 12, 4, 13, 5 ], "texture": "#side" },
        "east":  { "uv": [ 3, 4, 4, 5 ], "texture": "#side" }
    }
},
{
    "from": [ 1, 11, 12 ],
    "to": [ 2, 12, 12.5 ],
    "faces": {
        "down":  { "uv": [ 1, 12.5, 2, 12 ], "texture": "#top" },
        "up":    { "uv": [ 1, 12, 2, 12.5 ], "texture": "#top" },
        "north": { "uv": [ 14, 4, 15, 5 ], "texture": "#side" },
        "west":  { "uv": [ 12, 4, 12.5, 5 ], "texture": "#side" },
        "east":  { "uv": [ 3.5, 4, 4, 5 ], "texture": "#side" }
    }
},
{
    "from": [ 14, 11, 3.5 ],
    "to": [ 15, 12, 4 ],
    "faces": {
        "down":  { "uv": [ 14, 4, 15, 3.5 ], "texture": "#top" },
        "up":    { "uv": [ 14, 3.5, 15, 4 ], "texture": "#top" },
        "south": { "uv": [ 14, 4, 15, 5 ], "texture": "#side" },
        "west":  { "uv": [ 3.5, 4, 4, 5 ], "texture": "#side" },
        "east":  { "uv": [ 12, 4, 12.5, 5 ], "texture": "#side" }
    }
},
{
    "from": [ 14, 11, 12 ],
    "to": [ 15, 12, 12.5 ],
    "faces": {
        "down":  { "uv": [ 14, 12.5, 15, 12 ], "texture": "#top" },
        "up":    { "uv": [ 14, 12, 15, 12.5 ], "texture": "#top" },
        "north": { "uv": [ 1, 4, 2, 5 ], "texture": "#side" },
        "west":  { "uv": [ 12, 4, 12.5, 5 ], "texture": "#side" },
        "east":  { "uv": [ 3.5, 4, 4, 5 ], "texture": "#side" }
    }
},
{
    "from": [ 1, 11, 3.5 ],
    "to": [ 2, 12, 4 ],
    "faces": {
        "down":  { "uv": [ 1, 4, 2, 3.5 ], "texture": "#top" },
        "up":    { "uv": [ 1, 3.5, 2, 4 ], "texture": "#top" },
        "south": { "uv": [ 1, 4, 2, 5 ], "texture": "#side" },
        "west":  { "uv": [ 3.5, 4, 4, 5 ], "texture": "#side" },
        "east":  { "uv": [ 12, 4, 12.5, 5 ], "texture": "#side" }
    }
},
{
    "from": [ 12, 11, 3 ],
    "to": [ 13, 12, 4 ],
    "faces": {
        "down":  { "uv": [ 12, 4, 13, 3 ], "texture": "#top" },
        "up":    { "uv": [ 12, 3, 13, 4 ], "texture": "#top" },
        "north": { "uv": [ 3, 4, 4, 5 ], "texture": "#side" },
        "south": { "uv": [ 12, 4, 13, 5 ], "texture": "#side" },
        "west":  { "uv": [ 3, 4, 4, 5 ], "texture": "#side" },
        "east":  { "uv": [ 12, 4, 13, 5 ], "texture": "#side" }
    }
},
{
    "from": [ 3, 11, 3 ],
    "to": [ 4, 12, 4 ],
    "faces": {
        "down":  { "uv": [ 3, 4, 4, 3 ], "texture": "#top" },
        "up":    { "uv": [ 3, 3, 4, 4 ], "texture": "#top" },
        "north": { "uv": [ 12, 4, 13, 5 ], "texture": "#side" },
        "south": { "uv": [ 3, 4, 4, 5 ], "texture": "#side" },
        "west":  { "uv": [ 3, 4, 4, 5 ], "texture": "#side" },
        "east":  { "uv": [ 12, 4, 13, 5 ], "texture": "#side" }
    }
},
{
    "from": [ 12, 11, 1 ],
    "to": [ 12.5, 12, 2 ],
    "faces": {
        "down":  { "uv": [ 12, 2, 12.5, 1 ], "texture": "#top" },
        "up":    { "uv": [ 12, 1, 12.5, 2 ], "texture": "#top" },
        "north": { "uv": [ 3.5, 4, 4, 5 ], "texture": "#side" },
        "south": { "uv": [ 12, 4, 12.5, 5 ], "texture": "#side" },
        "west":  { "uv": [ 1, 4, 2, 5 ], "texture": "#side" }
    }
},
{
    "from": [ 12, 11, 12 ],
    "to": [ 13, 12, 13 ],
    "faces": {
        "down":  { "uv": [ 12, 13, 13, 12 ], "texture": "#top" },
        "up":    { "uv": [ 12, 12, 13, 13 ], "texture": "#top" },
        "north": { "uv": [ 3, 4, 4, 5 ], "texture": "#side" },
        "south": { "uv": [ 12, 4, 13, 5 ], "texture": "#side" },
        "west":  { "uv": [ 12, 4, 13, 5 ], "texture": "#side" },
        "east":  { "uv": [ 3, 4, 4, 5 ], "texture": "#side" }
    }
},
{
    "from": [ 12.5, 11, 0 ],
    "to": [ 16, 12, 3.5 ],
    "faces": {
        "down":  { "uv": [ 12.5, 3.5, 16, 0 ], "texture": "#top" },
        "up":    { "uv": [ 12.5, 0, 16, 3.5 ], "texture": "#top" },
        "north": { "uv": [ 0, 4, 3.5, 5 ], "texture": "#side", "cullface": "north" },
        "south": { "uv": [ 12.5, 4, 16, 5 ], "texture": "#side" },
        "west":  { "uv": [ 0, 4, 3.5, 5 ], "texture": "#side" },
        "east":  { "uv": [ 12.5, 4, 16, 5 ], "texture": "#side", "cullface": "east" }
    }
},
{
    "from": [ 12.5, 11, 12.5 ],
    "to": [ 16, 12, 16 ],
    "faces": {
        "down":  { "uv": [ 12.5, 16, 16, 12.5 ], "texture": "#top" },
        "up":    { "uv": [ 12.5, 12.5, 16, 16 ], "texture": "#top" },
        "north": { "uv": [ 0, 4, 3.5, 5 ], "texture": "#side" },
        "south": { "uv": [ 12.5, 4, 16, 5 ], "texture": "#side", "cullface": "south" },
        "west":  { "uv": [ 12.5, 4, 16, 5 ], "texture": "#side" },
        "east":  { "uv": [ 0, 4, 3.5, 5 ], "texture": "#side", "cullface": "east" }
    }
},
{
    "from": [ 0, 11, 0 ],
    "to": [ 3.5, 12, 3.5 ],
    "faces": {
        "down":  { "uv": [ 0, 3.5, 3.5, 0 ], "texture": "#top" },
        "up":    { "uv": [ 0, 0, 3.5, 3.5 ], "texture": "#top" },
        "north": { "uv": [ 12.5, 4, 16, 5 ], "texture": "#side", "cullface": "north" },
        "south": { "uv": [ 0, 4, 3.5, 5 ], "texture": "#side" },
        "west":  { "uv": [ 0, 4, 3.5, 5 ], "texture": "#side", "cullface": "west" },
        "east":  { "uv": [ 12.5, 4, 16, 5 ], "texture": "#side" }
    }
},
{
    "from": [ 0, 11, 12.5 ],
    "to": [ 3.5, 12, 16 ],
    "faces": {
        "down":  { "uv": [ 0, 16, 3.5, 12.5 ], "texture": "#top" },
        "up":    { "uv": [ 0, 12.5, 3.5, 16 ], "texture": "#top" },
        "north": { "uv": [ 12.5, 4, 16, 5 ], "texture": "#side" },
        "south": { "uv": [ 0, 4, 3.5, 5 ], "texture": "#side", "cullface": "south" },
        "west":  { "uv": [ 12.5, 4, 16, 5 ], "texture": "#side", "cullface": "west" },
        "east":  { "uv": [ 0, 4, 3.5, 5 ], "texture": "#side" }
    }
},
{
    "from": [ 0.5, 0, 6.5 ],
    "to": [ 1, 2.5, 9.5 ],
    "faces": {
        "down":  { "uv": [ 15.5, 15.5, 16, 12.5 ], "texture": "#side", "cullface": "down" },
        "up":    { "uv": [ 0, 12.5, 0.5, 15.5 ], "texture": "#side" },
        "west":  { "uv": [ 6.5, 13.5, 9.5, 16 ], "texture": "#side" }
    }
},
{
    "from": [ 0.5, 0, 9.5 ],
    "to": [ 1, 3, 10 ],
    "faces": {
        "down":  { "uv": [ 15.5, 16, 16, 15.5 ], "texture": "#side", "cullface": "down" },
        "up":    { "uv": [ 15, 15, 15.5, 15.5 ], "texture": "#side" },
        "north": { "uv": [ 9.5, 13, 10, 16 ], "texture": "#side" },
        "west":  { "uv": [ 9.5, 13, 10, 16 ], "texture": "#side" }
    }
},
{
    "from": [ 0.5, 0, 6 ],
    "to": [ 1, 3, 6.5 ],
    "faces": {
        "down":  { "uv": [ 15.5, 16, 16, 15.5 ], "texture": "#side", "cullface": "down" },
        "up":    { "uv": [ 15, 15, 15.5, 15.5 ], "texture": "#side" },
        "south": { "uv": [ 6, 13, 6.5, 16 ], "texture": "#side" },
        "west":  { "uv": [ 6, 13, 6.5, 16 ], "texture": "#side" }
    }
},
{
    "from": [ 0.5, 0, 10 ],
    "to": [ 1, 4, 15 ],
    "faces": {
        "down":  { "uv": [ 10, 16, 16, 15.5 ], "rotation": 90, "texture": "#side", "cullface": "down" },
        "up":    { "uv": [ 9.5, 15, 15.5, 15.5 ], "rotation": 90, "texture": "#side" },
        "north": { "uv": [ 15, 12, 15.5, 16 ], "texture": "#side" },
        "west":  { "uv": [ 10, 12, 15.5, 16 ], "texture": "#side" }
    }
},
{
    "from": [ 0.5, 0, 0.5 ],
    "to": [ 1, 4, 6 ],
    "faces": {
        "down":  { "uv": [ 0, 16, 6, 15.5 ], "rotation": 90, "texture": "#side", "cullface": "down" },
        "up":    { "uv": [ 0, 15, 6, 15.5 ], "rotation": 90, "texture": "#side" },
        "north": { "uv": [ 15.5, 12, 16, 16 ], "texture": "#side" },
        "south": { "uv": [ 0.5, 12, 1, 16 ], "texture": "#side" },
        "west":  { "uv": [ 0, 12, 6, 16 ], "texture": "#side" },
        "east":  { "uv": [ 10, 12, 16, 16 ], "texture": "#side" }
    }
},
{
    "from": [ 1, 0, 1 ],
    "to": [ 15, 11.25, 15 ],
    "faces": {
        "down":  { "uv": [ 1, 15, 15, 1 ], "texture": "#bottom", "cullface": "down" },
        "up":    { "uv": [ 1, 1, 15, 15 ], "texture": "#top" },
        "north": { "uv": [ 1, 4.75, 15, 16 ], "texture": "#side" },
        "south": { "uv": [ 1, 4.75, 15, 16 ], "texture": "#side" },
        "west":  { "uv": [ 1, 4.75, 15, 16 ], "texture": "#side" },
        "east":  { "uv": [ 1, 4.75, 15, 16 ], "texture": "#side" }
    }
}
],
    "display": {
        "gui": {
            "rotation": [ 30, 225, 0 ],
            "translation": [ 0, 0, 0],
            "scale":[ 0.625, 0.625, 0.625 ]
        },
        "ground": {
            "rotation": [ 0, 0, 0 ],
            "translation": [ 0, 3, 0],
            "scale":[ 0.25, 0.25, 0.25 ]
        },
        "fixed": {
            "rotation": [ 0, 0, 0 ],
            "translation": [ 0, 0, 0],
            "scale":[ 0.5, 0.5, 0.5 ]
        },
        "thirdperson_righthand": {
            "rotation": [ 75, 45, 0 ],
            "translation": [ 0, 2.5, 0],
            "scale": [ 0.375, 0.375, 0.375 ]
        },
        "firstperson_righthand": {
            "rotation": [ 0, 45, 0 ],
            "translation": [ 0, 0, 0 ],
            "scale": [ 0.40, 0.40, 0.40 ]
        },
        "firstperson_lefthand": {
            "rotation": [ 0, 225, 0 ],
            "translation": [ 0, 0, 0 ],
            "scale": [ 0.40, 0.40, 0.40 ]
        }
    }
}