{
"ambientocclusion": false,
"textures": {
    "particle": "blocks/door_jungle_lower",
    "texture": "blocks/door_jungle_lower"
},
"elements": [ 
{
    "from": [ 6, 0, 0 ],
    "to": [ 9.5, 9.5, 3 ],
    "faces": {
        "up":    { "uv": [ 6.5, 8.5, 10, 10.5 ], "texture": "#texture" },
        "north": { "uv": [ 6.5, 6.5, 10, 16 ], "texture": "#texture" },
        "south": { "uv": [ 10, 6.5, 6.5, 16 ], "texture": "#texture" }
    }
},
{
    "from": [ 0, 0, 0 ],
    "to": [ 6, 16, 3 ],
    "faces": {
        "north": { "uv": [ 10, 0, 16, 16 ], "texture": "#texture" },
        "south": { "uv": [ 16, 0, 10, 16 ], "texture": "#texture" },
        "west":  { "uv": [ 0, 0, 2.5, 9.5 ], "texture": "#texture" },
        "east":  { "uv": [ 0, 0, 2.5, 9.5 ], "texture": "#texture" }
    }
},
{
    "from": [ 9.5, 0, 0 ],
    "to": [ 16, 16, 3 ],
    "faces": {
        "north": { "uv": [ 0, 0, 6.5, 16 ], "texture": "#texture" },
        "south": { "uv": [ 6.5, 0, 0, 16 ], "texture": "#texture" },
        "west":  { "uv": [ 0, 0, 2.5, 9.5 ], "texture": "#texture" },
        "east":  { "uv": [ 2.5, 0, 0, 16 ], "texture": "#texture" }
    }
}
]
}