{
"__comment": "Designed by Filmjolk",
"textures": {
    "particle": "blocks/ladder",
    "texture": "blocks/ladder"
},
"elements": [ 
{
    "from": [ 3.5, 1.5, 15 ],
    "to": [ 12.5, 3, 16 ],
    "faces": {
        "down":  { "uv": [ 3.5, 2.5, 12.5, 1.5 ], "texture": "#texture" },
        "up":    { "uv": [ 3.5, 1, 12.5, 2 ], "texture": "#texture" },
        "north": { "uv": [ 3.5, 13, 12.5, 14.5 ], "texture": "#texture" },
        "south": { "uv": [ 3.5, 13, 12.5, 14.5 ], "texture": "#texture", "cullface": "south" },
        "west":  { "uv": [ 15, 13, 16, 14.5 ], "texture": "#texture" },
        "east":  { "uv": [ 0, 13, 1, 14.5 ], "texture": "#texture" }
    }
},
{
    "from": [ 3.5, 5.5, 15 ],
    "to": [ 12.5, 7, 16 ],
    "faces": {
        "down":  { "uv": [ 3.5, 2.5, 12.5, 1.5 ], "texture": "#texture" },
        "up":    { "uv": [ 3.5, 1, 12.5, 2 ], "texture": "#texture" },
        "north": { "uv": [ 3.5, 9, 12.5, 10.5 ], "texture": "#texture" },
        "south": { "uv": [ 3.5, 9, 12.5, 10.5 ], "texture": "#texture", "cullface": "south" },
        "west":  { "uv": [ 15, 9, 16, 10.5 ], "texture": "#texture" },
        "east":  { "uv": [ 0, 9, 1, 10.5 ], "texture": "#texture" }
    }
},
{
    "from": [ 3.5, 9.5, 15 ],
    "to": [ 12.5, 11, 16 ],
    "faces": {
        "down":  { "uv": [ 3.5, 2.5, 12.5, 1.5 ], "texture": "#texture" },
        "up":    { "uv": [ 3.5, 1, 12.5, 2 ], "texture": "#texture" },
        "north": { "uv": [ 3.5, 5, 12.5, 6.5 ], "texture": "#texture" },
        "south": { "uv": [ 3.5, 5, 12.5, 6.5 ], "texture": "#texture", "cullface": "south" },
        "west":  { "uv": [ 15, 5, 16, 6.5 ], "texture": "#texture" },
        "east":  { "uv": [ 0, 5, 1, 6.5 ], "texture": "#texture" }
    }
},
{
    "from": [ 3.5, 13.5, 15 ],
    "to": [ 12.5, 15, 16 ],
    "faces": {
        "down":  { "uv": [ 3.5, 2.5, 12.5, 1.5 ], "texture": "#texture" },
        "up":    { "uv": [ 3.5, 1, 12.5, 2 ], "texture": "#texture" },
        "north": { "uv": [ 3.5, 1, 12.5, 2.5 ], "texture": "#texture" },
        "south": { "uv": [ 3.5, 1, 12.5, 2.5 ], "texture": "#texture", "cullface": "south" },
        "west":  { "uv": [ 15, 1, 16, 2.5 ], "texture": "#texture" },
        "east":  { "uv": [ 0, 1, 1, 2.5 ], "texture": "#texture" }
    }
},
{
    "from": [ 12.5, 0, 14.5 ],
    "to": [ 14.5, 16, 16 ],
    "faces": {
        "down":  { "uv": [ 3.5, 16, 1.5, 14.5 ], "texture": "#texture", "cullface": "down" },
        "up":    { "uv": [ 3.5, 14.5, 1.5, 16 ], "texture": "#texture", "cullface": "up" },
        "north": { "uv": [ 1.5, 0, 3.5, 16 ], "texture": "#texture" },
        "south": { "uv": [ 12.5, 0, 14.5, 16 ], "texture": "#texture", "cullface": "south" },
        "west":  { "uv": [ 1.5, 0, 3, 16 ], "texture": "#texture" },
        "east":  { "uv": [ 1.5, 0, 3, 16 ], "texture": "#texture" }
    }
},
{
    "from": [ 1.5, 0, 14.5 ],
    "to": [ 3.5, 16, 16 ],
    "faces": {
        "down":  { "uv": [ 3.5, 16, 1.5, 14.5 ], "texture": "#texture", "cullface": "down" },
        "up":    { "uv": [ 3.5, 14.5, 1.5, 16 ], "texture": "#texture", "cullface": "up" },
        "north": { "uv": [ 12.5, 0, 14.5, 16 ], "texture": "#texture" },
        "south": { "uv": [ 1.5, 0, 3.5, 16 ], "texture": "#texture", "cullface": "south" },
        "west":  { "uv": [ 1.5, 0, 3, 16 ], "texture": "#texture" },
        "east":  { "uv": [ 1.5, 0, 3, 16 ], "texture": "#texture" }
    }
}
]
}