{
"ambientocclusion": false,
"textures": {
    "particle": "blocks/redstone_dust_cross",
    "texture": "blocks/redstone_dust_cros"
},
"elements": [ 
{
    "from": [ 7, 0, 0 ],
    "to": [ 9, 1, 16 ],
    "shade": false,
    "faces": {
        "down":  { "uv": [ 7, 16, 9, 0 ], "texture": "#texture", "tintindex": 0 },
        "up":    { "uv": [ 7, 0, 9, 16 ], "texture": "#texture", "tintindex": 0 },
        "north": { "uv": [ 7, 15, 9, 16 ], "texture": "#texture", "tintindex": 0 },
        "south": { "uv": [ 7, 15, 9, 16 ], "texture": "#texture", "tintindex": 0 },
        "west":  { "uv": [ 0, 8, 16, 9 ], "texture": "#texture", "tintindex": 0 },
        "east":  { "uv": [ 0, 7, 16, 8 ], "texture": "#texture", "tintindex": 0 }
    }
},
{
    "from": [ 9, 0, 7 ],
    "to": [ 16, 1, 9 ],
    "shade": false,
    "faces": {
        "down":  { "uv": [ 9, 9, 16, 7 ], "texture": "#texture", "tintindex": 0 },
        "up":    { "uv": [ 9, 7, 16, 9 ], "texture": "#texture", "tintindex": 0 },
        "north": { "uv": [ 0, 8, 7, 9 ], "texture": "#texture", "tintindex": 0 },
        "south": { "uv": [ 9, 7, 16, 8 ], "texture": "#texture", "tintindex": 0 },
        "west":  { "uv": [ 7, 15, 9, 16 ], "texture": "#texture", "tintindex": 0 },
        "east":  { "uv": [ 7, 15, 9, 16 ], "texture": "#texture", "tintindex": 0 }
    }
},
{
    "from": [ 0, 0, 7 ],
    "to": [ 7, 1, 9 ],
    "shade": false,
    "faces": {
        "down":  { "uv": [ 0, 9, 7, 7 ], "texture": "#texture", "tintindex": 0 },
        "up":    { "uv": [ 0, 7, 7, 9 ], "texture": "#texture", "tintindex": 0 },
        "north": { "uv": [ 0, 8, 7, 9 ], "texture": "#texture", "tintindex": 0 },
        "south": { "uv": [ 9, 7, 16, 8 ], "texture": "#texture", "tintindex": 0 },
        "west":  { "uv": [ 7, 15, 9, 16 ], "texture": "#texture", "tintindex": 0 },
        "east":  { "uv": [ 7, 15, 9, 16 ], "texture": "#texture", "tintindex": 0 }
    }
}
]
}