{
"__comment": "Designed by Filmjolk",
"textures": {
    "particle": "blocks/reeds",
    "texture": "blocks/reeds",
    "reeds_top": "blocks/reeds_top"
},
"elements": [ 
{
    "from": [ 2, -6.5, 3.5 ],
    "to": [ 3.5, 9.5, 6 ],
    "faces": {
        "up":    { "uv": [ 9.5, 10.5, 11, 13 ], "texture": "#reeds_top" },
        "north": { "uv": [ 1.5, 0, 3, 16 ], "texture": "#texture" },
        "south": { "uv": [ 1.5, 0, 3, 16 ], "texture": "#texture" },
        "west":  { "uv": [ 1, 0, 3.5, 16 ], "texture": "#texture" },
        "east":  { "uv": [ 1, 0, 3.5, 16 ], "texture": "#texture" }
    }
},
{
    "from": [ 1.5, -6.5, 4 ],
    "to": [ 4, 9.5, 5.5 ],
    "faces": {
        "up":    { "uv": [ 9, 11, 11.5, 12.5 ], "texture": "#reeds_top" },
        "north": { "uv": [ 1, 0, 3.5, 16 ], "texture": "#texture" },
        "south": { "uv": [ 1, 0, 3.5, 16 ], "texture": "#texture" },
        "west":  { "uv": [ 1.5, 0, 3, 16 ], "texture": "#texture" },
        "east":  { "uv": [ 1.5, 0, 3, 16 ], "texture": "#texture" }
    }
},
{
    "from": [ 1.5, -2.5, 13 ],
    "to": [ 4, 13.5, 14.5 ],
    "faces": {
        "up":    { "uv": [ 9, 11, 11.5, 12.5 ], "texture": "#reeds_top" },
        "north": { "uv": [ 8.5, 0, 11, 16 ], "texture": "#texture" },
        "south": { "uv": [ 8.5, 0, 11, 16 ], "texture": "#texture" },
        "west":  { "uv": [ 9, 0, 10.5, 16 ], "texture": "#texture" },
        "east":  { "uv": [ 9, 0, 10.5, 16 ], "texture": "#texture" }
    }
},
{
    "from": [ 2, -2.5, 12.5 ],
    "to": [ 3.5, 13.5, 15 ],
    "faces": {
        "up":    { "uv": [ 9.5, 10.5, 11, 13 ], "texture": "#reeds_top" },
        "north": { "uv": [ 9, 0, 10.5, 16 ], "texture": "#texture" },
        "south": { "uv": [ 9, 0, 10.5, 16 ], "texture": "#texture" },
        "west":  { "uv": [ 8.5, 0, 11, 16 ], "texture": "#texture" },
        "east":  { "uv": [ 8.5, 0, 11, 16 ], "texture": "#texture" }
    }
},
{
    "from": [ 5, -7, 11 ],
    "to": [ 7.5, 9, 12.5 ],
    "faces": {
        "up":    { "uv": [ 9, 11, 11.5, 12.5 ], "texture": "#reeds_top" },
        "north": { "uv": [ 12.5, 0, 15, 16 ], "texture": "#texture" },
        "south": { "uv": [ 12.5, 0, 15, 16 ], "texture": "#texture" },
        "west":  { "uv": [ 13, 0, 14.5, 16 ], "texture": "#texture" },
        "east":  { "uv": [ 13, 0, 14.5, 16 ], "texture": "#texture" }
    }
},
{
    "from": [ 5.5, -7, 10.5 ],
    "to": [ 7, 9, 13 ],
    "faces": {
        "up":    { "uv": [ 9.5, 10.5, 11, 13 ], "texture": "#reeds_top" },
        "north": { "uv": [ 13, 0, 14.5, 16 ], "texture": "#texture" },
        "south": { "uv": [ 13, 0, 14.5, 16 ], "texture": "#texture" },
        "west":  { "uv": [ 12.5, 0, 15, 16 ], "texture": "#texture" },
        "east":  { "uv": [ 12.5, 0, 15, 16 ], "texture": "#texture" }
    }
},
{
    "from": [ 1.5, -0.5, 8.5 ],
    "to": [ 2.5, 15.5, 10.5 ],
    "faces": {
        "up":    { "uv": [ 5.5, 9.5, 6.5, 11.5 ], "texture": "#reeds_top" },
        "north": { "uv": [ 5.5, 0, 6.5, 16 ], "texture": "#texture" },
        "south": { "uv": [ 5.5, 0, 6.5, 16 ], "texture": "#texture" },
        "west":  { "uv": [ 5, 0, 7, 16 ], "texture": "#texture" },
        "east":  { "uv": [ 5, 0, 7, 16 ], "texture": "#texture" }
    }
},
{
    "from": [ 1, -0.5, 9 ],
    "to": [ 3, 15.5, 10 ],
    "faces": {
        "up":    { "uv": [ 5, 10, 7, 11 ], "texture": "#reeds_top" },
        "north": { "uv": [ 5, 0, 7, 16 ], "texture": "#texture" },
        "south": { "uv": [ 5, 0, 7, 16 ], "texture": "#texture" },
        "west":  { "uv": [ 5.5, 0, 6.5, 16 ], "texture": "#texture" },
        "east":  { "uv": [ 5.5, 0, 6.5, 16 ], "texture": "#texture" }
    }
},
{
    "from": [ 12, -3.5, 2.5 ],
    "to": [ 14, 12.5, 3.5 ],
    "faces": {
        "up":    { "uv": [ 5, 10, 7, 11 ], "texture": "#reeds_top" },
        "north": { "uv": [ 5, 0, 7, 16 ], "texture": "#texture" },
        "south": { "uv": [ 5, 0, 7, 16 ], "texture": "#texture" },
        "west":  { "uv": [ 5.5, 0, 6.5, 16 ], "texture": "#texture" },
        "east":  { "uv": [ 5.5, 0, 6.5, 16 ], "texture": "#texture" }
    }
},
{
    "from": [ 12.5, -3.5, 2 ],
    "to": [ 13.5, 12.5, 4 ],
    "faces": {
        "up":    { "uv": [ 5.5, 9.5, 6.5, 11.5 ], "texture": "#reeds_top" },
        "north": { "uv": [ 5.5, 0, 6.5, 16 ], "texture": "#texture" },
        "south": { "uv": [ 5.5, 0, 6.5, 16 ], "texture": "#texture" },
        "west":  { "uv": [ 5, 0, 7, 16 ], "texture": "#texture" },
        "east":  { "uv": [ 5, 0, 7, 16 ], "texture": "#texture" }
    }
},
{
    "from": [ 7.5, -5.5, 6 ],
    "to": [ 10, 10.5, 7.5 ],
    "faces": {
        "up":    { "uv": [ 9, 11, 11.5, 12.5 ], "texture": "#reeds_top" },
        "north": { "uv": [ 8.5, 0, 11, 16 ], "texture": "#texture" },
        "south": { "uv": [ 8.5, 0, 11, 16 ], "texture": "#texture" },
        "west":  { "uv": [ 9, 0, 10.5, 16 ], "texture": "#texture" },
        "east":  { "uv": [ 9, 0, 10.5, 16 ], "texture": "#texture" }
    }
},
{
    "from": [ 8, -5.5, 5.5 ],
    "to": [ 9.5, 10.5, 8 ],
    "faces": {
        "up":    { "uv": [ 9.5, 10.5, 11, 13 ], "texture": "#reeds_top" },
        "north": { "uv": [ 9, 0, 10.5, 16 ], "texture": "#texture" },
        "south": { "uv": [ 9, 0, 10.5, 16 ], "texture": "#texture" },
        "west":  { "uv": [ 8.5, 0, 11, 16 ], "texture": "#texture" },
        "east":  { "uv": [ 8.5, 0, 11, 16 ], "texture": "#texture" }
    }
},
{
    "from": [ 12.5, 0, 8.5 ],
    "to": [ 15, 16, 10 ],
    "faces": {
        "up":    { "uv": [ 9, 11, 11.5, 12.5 ], "texture": "#reeds_top" },
        "north": { "uv": [ 1, 0, 3.5, 16 ], "texture": "#texture" },
        "south": { "uv": [ 1, 0, 3.5, 16 ], "texture": "#texture" },
        "west":  { "uv": [ 1.5, 0, 3, 16 ], "texture": "#texture" },
        "east":  { "uv": [ 1.5, 0, 3, 16 ], "texture": "#texture" }
    }
},
{
    "from": [ 13, 0, 8 ],
    "to": [ 14.5, 16, 10.5 ],
    "faces": {
        "up":    { "uv": [ 9.5, 10.5, 11, 13 ], "texture": "#reeds_top" },
        "north": { "uv": [ 1.5, 0, 3, 16 ], "texture": "#texture" },
        "south": { "uv": [ 1.5, 0, 3, 16 ], "texture": "#texture" },
        "west":  { "uv": [ 1, 0, 3.5, 16 ], "texture": "#texture" },
        "east":  { "uv": [ 1, 0, 3.5, 16 ], "texture": "#texture" }
    }
},
{
    "from": [ 11, -2, 12.5 ],
    "to": [ 12, 14, 14.5 ],
    "faces": {
        "up":    { "uv": [ 5.5, 9.5, 6.5, 11.5 ], "texture": "#reeds_top" },
        "north": { "uv": [ 5.5, 0, 6.5, 16 ], "texture": "#texture" },
        "south": { "uv": [ 5.5, 0, 6.5, 16 ], "texture": "#texture" },
        "west":  { "uv": [ 5, 0, 7, 16 ], "texture": "#texture" },
        "east":  { "uv": [ 5, 0, 7, 16 ], "texture": "#texture" }
    }
},
{
    "from": [ 10.5, -2, 13 ],
    "to": [ 12.5, 14, 14 ],
    "faces": {
        "up":    { "uv": [ 5, 10, 7, 11 ], "texture": "#reeds_top" },
        "north": { "uv": [ 5, 0, 7, 16 ], "texture": "#texture" },
        "south": { "uv": [ 5, 0, 7, 16 ], "texture": "#texture" },
        "west":  { "uv": [ 5.5, 0, 6.5, 16 ], "texture": "#texture" },
        "east":  { "uv": [ 5.5, 0, 6.5, 16 ], "texture": "#texture" }
    }
},
{
    "from": [ 7, 0, 1 ],
    "to": [ 8, 16, 3 ],
    "faces": {
        "up":    { "uv": [ 5.5, 9.5, 6.5, 11.5 ], "texture": "#reeds_top" },
        "north": { "uv": [ 5.5, 0, 6.5, 16 ], "texture": "#texture" },
        "south": { "uv": [ 5.5, 0, 6.5, 16 ], "texture": "#texture" },
        "west":  { "uv": [ 5, 0, 7, 16 ], "texture": "#texture" },
        "east":  { "uv": [ 5, 0, 7, 16 ], "texture": "#texture" }
    }
},
{
    "from": [ 6.5, 0, 1.5 ],
    "to": [ 8.5, 16, 2.5 ],
    "faces": {
        "up":    { "uv": [ 5, 10, 7, 11 ], "texture": "#reeds_top" },
        "north": { "uv": [ 5, 0, 7, 16 ], "texture": "#texture" },
        "south": { "uv": [ 5, 0, 7, 16 ], "texture": "#texture" },
        "west":  { "uv": [ 5.5, 0, 6.5, 16 ], "texture": "#texture" },
        "east":  { "uv": [ 5.5, 0, 6.5, 16 ], "texture": "#texture" }
    }
}
]
}