{
"__comment": "Designed by Filmjolk",
"ambientocclusion": false,
"textures": {
    "particle": "blocks/redstone_torch_off",
    "texture": "blocks/redstone_torch_off"
},
"elements": [ 
{
    "from": [ 10.675, 10.375, 7 ],
    "to": [ 14.675, 12.375, 9 ],
    "rotation": { "origin": [ 10.675, 12.375, 7 ], "axis": "z", "angle": 22.5 },
    "faces": {
        "down":  { "uv": [ 6, 8, 10, 6 ], "texture": "#texture" },
        "up":    { "uv": [ 6, 6, 10, 8 ], "texture": "#texture" },
        "north": { "uv": [ 6, 6, 10, 8 ], "texture": "#texture" },
        "south": { "uv": [ 6, 6, 10, 8 ], "texture": "#texture" },
        "west":  { "uv": [ 7, 6, 9, 8 ], "texture": "#texture" },
        "east":  { "uv": [ 7, 6, 9, 8 ], "texture": "#texture" }
    }
},
{
    "from": [ 11.675, 10.75, 6 ],
    "to": [ 13.675, 12.75, 10 ],
    "rotation": { "origin": [ 11.675, 12.75, 6 ], "axis": "z", "angle": 22.5 },
    "faces": {
        "down":  { "uv": [ 7, 9, 9, 5 ], "texture": "#texture" },
        "up":    { "uv": [ 7, 5, 9, 9 ], "texture": "#texture" },
        "north": { "uv": [ 7, 6, 9, 8 ], "texture": "#texture" },
        "south": { "uv": [ 7, 6, 9, 8 ], "texture": "#texture" },
        "west":  { "uv": [ 6, 6, 10, 8 ], "texture": "#texture" },
        "east":  { "uv": [ 6, 6, 10, 8 ], "texture": "#texture" }
    }
},
{
    "from": [ 11.05, 10, 6.5 ],
    "to": [ 14.05, 13, 9.5 ],
    "rotation": { "origin": [ 11.05, 13, 6.5 ], "axis": "z", "angle": 22.5 },
    "faces": {
        "down":  { "uv": [ 6.5, 8.5, 9.5, 5.5 ], "texture": "#texture" },
        "up":    { "uv": [ 6.5, 5.5, 9.5, 8.5 ], "texture": "#texture" },
        "north": { "uv": [ 6.5, 5.5, 9.5, 8.5 ], "texture": "#texture" },
        "south": { "uv": [ 6.5, 5.5, 9.5, 8.5 ], "texture": "#texture" },
        "west":  { "uv": [ 6.5, 5.5, 9.5, 8.5 ], "texture": "#texture" },
        "east":  { "uv": [ 6.5, 5.5, 9.5, 8.5 ], "texture": "#texture" }
    }
},
{
    "from": [ 11.3, 9.625, 7 ],
    "to": [ 13.3, 13.625, 9 ],
    "rotation": { "origin": [ 11.3, 13.625, 7 ], "axis": "z", "angle": 22.5 },
    "faces": {
        "down":  { "uv": [ 7, 8, 9, 6 ], "texture": "#texture" },
        "up":    { "uv": [ 7, 6, 9, 8 ], "texture": "#texture" },
        "north": { "uv": [ 7, 5, 9, 9 ], "texture": "#texture" },
        "south": { "uv": [ 7, 5, 9, 9 ], "texture": "#texture" },
        "west":  { "uv": [ 7, 5, 9, 9 ], "texture": "#texture" },
        "east":  { "uv": [ 7, 5, 9, 9 ], "texture": "#texture" }
    }
},
{
    "from": [ 13.2375, 1.125, 7 ],
    "to": [ 14.2375, 10.125, 9 ],
    "rotation": { "origin": [ 13.2375, 10.125, 7 ], "axis": "z", "angle": 22.5 },
    "faces": {
        "down":  { "uv": [ 7.5, 9, 8.5, 7 ], "texture": "#texture" },
        "up":    { "uv": [ 7.5, 7, 8.5, 9 ], "texture": "#texture" },
        "north": { "uv": [ 7.5, 9, 8.5, 16 ], "texture": "#texture" },
        "south": { "uv": [ 7.5, 9, 8.5, 16 ], "texture": "#texture" },
        "west":  { "uv": [ 7, 9, 9, 16 ], "texture": "#texture" },
        "east":  { "uv": [ 7, 9, 9, 16 ], "texture": "#texture" }
    }
},
{
    "from": [ 12.8, 1, 7.5 ],
    "to": [ 14.8, 10, 8.5 ],
    "rotation": { "origin": [ 12.8, 10, 7.5 ], "axis": "z", "angle": 22.5 },
    "faces": {
        "down":  { "uv": [ 7, 8.5, 9, 7.5 ], "texture": "#texture" },
        "up":    { "uv": [ 7, 7.5, 9, 8.5 ], "texture": "#texture" },
        "north": { "uv": [ 7, 9, 9, 16 ], "texture": "#texture" },
        "south": { "uv": [ 7, 9, 9, 16 ], "texture": "#texture" },
        "west":  { "uv": [ 7.5, 9, 8.5, 16 ], "texture": "#texture" },
        "east":  { "uv": [ 7.5, 9, 8.5, 16 ], "texture": "#texture" }
    }
}
]
}